{
  "project_info": {
    "project_number": "382382817765",
    "project_id": "mycafeshop3-608c9",
    "storage_bucket": "mycafeshop3-608c9.appspot.com"
  },
  "client": [
    {
      "client_info": {
        "mobilesdk_app_id": "1:382382817765:android:895c8a0571c886bf4e2f0c",
        "android_client_info": {
          "package_name": "com.example.mycafeshop3"
        }
      },
      "oauth_client": [],
      "api_key": [
        {
          "current_key": "AIzaSyANoYGUbC4VjBthaJKew8dIZBNYVSSwI30"
        }
      ],
      "services": {
        "appinvite_service": {
          "other_platform_oauth_client": []
        }
      }
    }
  ],
  "configuration_version": "1"
}